index,Campaign,clicks,spend,conversions,ctr
0,Demand Gen -Aw&Co Luma,3157.4,44.67999999999999,0.0,3.1173333333333337
1,Search2 Luma Gen (EN) CY,6.416666666666667,10.5525,0.0,5.419722943722944
